{
  "name": "Umeå 2",
  "centerlat": 63.8256912,
  "centerlong": 20.2631702,
  "zoom": 15
}
